entity_id,period_id,feature_a,feature_b,outcome_value
E001,T01,0.1,0.16,0.203826
E001,T02,0.13,0.21,0.237608
E001,T03,0.16,0.26,0.252826
E001,T04,0.19,0.31,0.246608
E001,T05,0.22,0.36,0.221826
E001,T06,0.25,0.41,0.186326
E001,T07,0.28,0.46,0.150826
E001,T08,0.31,0.51,0.126044
E001,T09,0.34,0.56,0.119826
E001,T10,0.37,0.61,0.135044
E001,T11,0.4,0.66,0.168826
E001,T12,0.43,0.71,0.213326
E002,T01,0.17,0.27,0.163152
E002,T02,0.2,0.32,0.196934
E002,T03,0.23,0.37,0.212152
E002,T04,0.26,0.42,0.205934
E002,T05,0.29,0.47,0.181152
E002,T06,0.32,0.52,0.145652
E002,T07,0.35,0.57,0.110152
E002,T08,0.38,0.62,0.08537
E002,T09,0.41,0.67,0.079152
E002,T10,0.44,0.72,0.09437
E002,T11,0.47,0.77,0.128152
E002,T12,0.5,0.82,0.172652
E003,T01,0.24,0.38,0.122478
E003,T02,0.27,0.43,0.15626
E003,T03,0.3,0.48,0.171478
E003,T04,0.33,0.53,0.16526
E003,T05,0.36,0.58,0.140478
E003,T06,0.39,0.63,0.104978
E003,T07,0.42,0.68,0.069478
E003,T08,0.45,0.73,0.044696
E003,T09,0.48,0.78,0.038478
E003,T10,0.51,0.83,0.053696
E003,T11,0.54,0.88,0.087478
E003,T12,0.57,0.93,0.131978
E004,T01,0.31,0.49,0.281804
E004,T02,0.34,0.54,0.315586
E004,T03,0.37,0.59,0.330804
E004,T04,0.4,0.64,0.324586
E004,T05,0.43,0.69,0.299804
E004,T06,0.46,0.74,0.264304
E004,T07,0.49,0.79,0.228804
E004,T08,0.52,0.84,0.204022
E004,T09,0.55,0.89,0.197804
E004,T10,0.58,0.94,0.213022
E004,T11,0.61,0.99,0.246804
E004,T12,0.64,0.03,0.442804
E005,T01,0.38,0.6,0.24113
E005,T02,0.41,0.65,0.274912
E005,T03,0.44,0.7,0.29013
E005,T04,0.47,0.75,0.283912
E005,T05,0.5,0.8,0.25913
E005,T06,0.53,0.85,0.22363
E005,T07,0.56,0.9,0.18813
E005,T08,0.59,0.95,0.163348
E005,T09,0.62,1.0,0.15713
E005,T10,0.65,0.04,0.323848
E005,T11,0.68,0.09,0.35763
E005,T12,0.71,0.14,0.40213
E006,T01,0.45,0.71,0.200457
E006,T02,0.48,0.76,0.234239
E006,T03,0.51,0.81,0.249457
E006,T04,0.54,0.86,0.243239
E006,T05,0.57,0.91,0.218457
E006,T06,0.6,0.96,0.182957
E006,T07,0.63,0.0,0.298957
E006,T08,0.66,0.05,0.274174
E006,T09,0.69,0.1,0.267957
E006,T10,0.72,0.15,0.283174
E006,T11,0.75,0.2,0.316957
E006,T12,0.78,0.25,0.361457
E007,T01,0.52,0.82,0.159783
E007,T02,0.55,0.87,0.193565
E007,T03,0.58,0.92,0.208783
E007,T04,0.61,0.97,0.202565
E007,T05,0.64,0.01,0.329283
E007,T06,0.67,0.06,0.293783
E007,T07,0.7,0.11,0.258283
E007,T08,0.73,0.16,0.233501
E007,T09,0.76,0.21,0.227283
E007,T10,0.79,0.26,0.242501
E007,T11,0.82,0.31,0.276283
E007,T12,0.85,0.36,0.320783
E008,T01,0.59,0.93,0.319109
E008,T02,0.62,0.98,0.352891
E008,T03,0.65,0.02,0.519609
E008,T04,0.68,0.07,0.513391
E008,T05,0.71,0.12,0.488609
E008,T06,0.74,0.17,0.453109
E008,T07,0.77,0.22,0.417609
E008,T08,0.8,0.27,0.392827
E008,T09,0.83,0.32,0.386609
E008,T10,0.86,0.37,0.401827
E008,T11,0.89,0.42,0.435609
E008,T12,0.92,0.47,0.480109
E009,T01,0.66,0.03,0.429935
E009,T02,0.69,0.08,0.463717
E009,T03,0.72,0.13,0.478935
E009,T04,0.75,0.18,0.472717
E009,T05,0.78,0.23,0.447935
E009,T06,0.81,0.28,0.412435
E009,T07,0.84,0.33,0.376935
E009,T08,0.87,0.38,0.352153
E009,T09,0.9,0.43,0.345935
E009,T10,0.93,0.48,0.361153
E009,T11,0.96,0.53,0.394935
E009,T12,0.99,0.58,0.439435
E010,T01,0.73,0.14,0.389261
E010,T02,0.76,0.19,0.423043
E010,T03,0.79,0.24,0.438261
E010,T04,0.82,0.29,0.432043
E010,T05,0.85,0.34,0.407261
E010,T06,0.88,0.39,0.371761
E010,T07,0.91,0.44,0.336261
E010,T08,0.94,0.49,0.311479
E010,T09,0.97,0.54,0.305261
E010,T10,1.0,0.59,0.320479
E010,T11,0.02,0.64,-0.049739
E010,T12,0.05,0.69,-0.005239
E011,T01,0.8,0.25,0.348587
E011,T02,0.83,0.3,0.382369
E011,T03,0.86,0.35,0.397587
E011,T04,0.89,0.4,0.391369
E011,T05,0.92,0.45,0.366587
E011,T06,0.95,0.5,0.331087
E011,T07,0.98,0.55,0.295587
E011,T08,0.0,0.6,-0.133195
E011,T09,0.03,0.65,-0.139413
E011,T10,0.06,0.7,-0.124195
E011,T11,0.09,0.75,-0.090413
E011,T12,0.12,0.8,-0.045913
E012,T01,0.87,0.36,0.507913
E012,T02,0.9,0.41,0.541695
E012,T03,0.93,0.46,0.556913
E012,T04,0.96,0.51,0.550695
E012,T05,0.99,0.56,0.525913
E012,T06,0.01,0.61,0.086413
E012,T07,0.04,0.66,0.050913
E012,T08,0.07,0.71,0.026131
E012,T09,0.1,0.76,0.019913
E012,T10,0.13,0.81,0.035131
E012,T11,0.16,0.86,0.068913
E012,T12,0.19,0.91,0.113413
E013,T01,0.94,0.47,0.467239
E013,T02,0.97,0.52,0.501021
E013,T03,1.0,0.57,0.516239
E013,T04,0.02,0.62,0.106021
E013,T05,0.05,0.67,0.081239
E013,T06,0.08,0.72,0.045739
E013,T07,0.11,0.77,0.010239
E013,T08,0.14,0.82,-0.014543
E013,T09,0.17,0.87,-0.020761
E013,T10,0.2,0.92,-0.005543
E013,T11,0.23,0.97,0.028239
E013,T12,0.26,0.01,0.224239
E014,T01,0.0,0.58,0.022565
E014,T02,0.03,0.63,0.056347
E014,T03,0.06,0.68,0.071565
E014,T04,0.09,0.73,0.065347
E014,T05,0.12,0.78,0.040565
E014,T06,0.15,0.83,0.005065
E014,T07,0.18,0.88,-0.030435
E014,T08,0.21,0.93,-0.055217
E014,T09,0.24,0.98,-0.061435
E014,T10,0.27,0.02,0.105283
E014,T11,0.3,0.07,0.139065
E014,T12,0.33,0.12,0.183565
E015,T01,0.07,0.69,-0.018109
E015,T02,0.1,0.74,0.015673
E015,T03,0.13,0.79,0.030891
E015,T04,0.16,0.84,0.024673
E015,T05,0.19,0.89,-0.000109
E015,T06,0.22,0.94,-0.035609
E015,T07,0.25,0.99,-0.071109
E015,T08,0.28,0.03,0.055609
E015,T09,0.31,0.08,0.049391
E015,T10,0.34,0.13,0.064609
E015,T11,0.37,0.18,0.098391
E015,T12,0.4,0.23,0.142891
E016,T01,0.14,0.8,0.141217
E016,T02,0.17,0.85,0.174999
E016,T03,0.2,0.9,0.190217
E016,T04,0.23,0.95,0.183999
E016,T05,0.26,1.0,0.159217
E016,T06,0.29,0.04,0.275217
E016,T07,0.32,0.09,0.239717
E016,T08,0.35,0.14,0.214935
E016,T09,0.38,0.19,0.208717
E016,T10,0.41,0.24,0.223935
E016,T11,0.44,0.29,0.257717
E016,T12,0.47,0.34,0.302217
E017,T01,0.21,0.91,0.100543
E017,T02,0.24,0.96,0.134326
E017,T03,0.27,0.0,0.301043
E017,T04,0.3,0.05,0.294826
E017,T05,0.33,0.1,0.270043
E017,T06,0.36,0.15,0.234543
E017,T07,0.39,0.2,0.199043
E017,T08,0.42,0.25,0.174261
E017,T09,0.45,0.3,0.168043
E017,T10,0.48,0.35,0.183261
E017,T11,0.51,0.4,0.217043
E017,T12,0.54,0.45,0.261543
E018,T01,0.28,0.01,0.21137
E018,T02,0.31,0.06,0.245152
E018,T03,0.34,0.11,0.26037
E018,T04,0.37,0.16,0.254152
E018,T05,0.4,0.21,0.22937
E018,T06,0.43,0.26,0.19387
E018,T07,0.46,0.31,0.15837
E018,T08,0.49,0.36,0.133588
E018,T09,0.52,0.41,0.12737
E018,T10,0.55,0.46,0.142588
E018,T11,0.58,0.51,0.17637
E018,T12,0.61,0.56,0.22087
E019,T01,0.35,0.12,0.170696
E019,T02,0.38,0.17,0.204478
E019,T03,0.41,0.22,0.219696
E019,T04,0.44,0.27,0.213478
E019,T05,0.47,0.32,0.188696
E019,T06,0.5,0.37,0.153196
E019,T07,0.53,0.42,0.117696
E019,T08,0.56,0.47,0.092914
E019,T09,0.59,0.52,0.086696
E019,T10,0.62,0.57,0.101914
E019,T11,0.65,0.62,0.135696
E019,T12,0.68,0.67,0.180196
E020,T01,0.42,0.23,0.330022
E020,T02,0.45,0.28,0.363804
E020,T03,0.48,0.33,0.379022
E020,T04,0.51,0.38,0.372804
E020,T05,0.54,0.43,0.348022
E020,T06,0.57,0.48,0.312522
E020,T07,0.6,0.53,0.277022
E020,T08,0.63,0.58,0.25224
E020,T09,0.66,0.63,0.246022
E020,T10,0.69,0.68,0.26124
E020,T11,0.72,0.73,0.295022
E020,T12,0.75,0.78,0.339522
E021,T01,0.49,0.34,0.289348
E021,T02,0.52,0.39,0.32313
E021,T03,0.55,0.44,0.338348
E021,T04,0.58,0.49,0.33213
E021,T05,0.61,0.54,0.307348
E021,T06,0.64,0.59,0.271848
E021,T07,0.67,0.64,0.236348
E021,T08,0.7,0.69,0.211566
E021,T09,0.73,0.74,0.205348
E021,T10,0.76,0.79,0.220566
E021,T11,0.79,0.84,0.254348
E021,T12,0.82,0.89,0.298848
E022,T01,0.56,0.45,0.248674
E022,T02,0.59,0.5,0.282456
E022,T03,0.62,0.55,0.297674
E022,T04,0.65,0.6,0.291456
E022,T05,0.68,0.65,0.266674
E022,T06,0.71,0.7,0.231174
E022,T07,0.74,0.75,0.195674
E022,T08,0.77,0.8,0.170892
E022,T09,0.8,0.85,0.164674
E022,T10,0.83,0.9,0.179892
E022,T11,0.86,0.95,0.213674
E022,T12,0.89,1.0,0.258174
E023,T01,0.63,0.56,0.208
E023,T02,0.66,0.61,0.241782
E023,T03,0.69,0.66,0.257
E023,T04,0.72,0.71,0.250782
E023,T05,0.75,0.76,0.226
E023,T06,0.78,0.81,0.1905
E023,T07,0.81,0.86,0.155
E023,T08,0.84,0.91,0.130218
E023,T09,0.87,0.96,0.124
E023,T10,0.9,0.0,0.290718
E023,T11,0.93,0.05,0.3245
E023,T12,0.96,0.1,0.369
E024,T01,0.7,0.67,0.367326
E024,T02,0.73,0.72,0.401108
E024,T03,0.76,0.77,0.416326
E024,T04,0.79,0.82,0.410108
E024,T05,0.82,0.87,0.385326
E024,T06,0.85,0.92,0.349826
E024,T07,0.88,0.97,0.314326
E024,T08,0.91,0.01,0.441044
E024,T09,0.94,0.06,0.434826
E024,T10,0.97,0.11,0.450044
E024,T11,1.0,0.16,0.483826
E024,T12,0.02,0.21,0.124326
E025,T01,0.77,0.78,0.326652
E025,T02,0.8,0.83,0.360434
E025,T03,0.83,0.88,0.375652
E025,T04,0.86,0.93,0.369434
E025,T05,0.89,0.98,0.344652
E025,T06,0.92,0.02,0.460652
E025,T07,0.95,0.07,0.425152
E025,T08,0.98,0.12,0.40037
E025,T09,0.0,0.17,-0.009848
E025,T10,0.03,0.22,0.00537
E025,T11,0.06,0.27,0.039152
E025,T12,0.09,0.32,0.083652
E026,T01,0.84,0.89,0.285978
E026,T02,0.87,0.94,0.31976
E026,T03,0.9,0.99,0.334978
E026,T04,0.93,0.03,0.48026
E026,T05,0.96,0.08,0.455478
E026,T06,0.99,0.13,0.419978
E026,T07,0.01,0.18,-0.019522
E026,T08,0.04,0.23,-0.044304
E026,T09,0.07,0.28,-0.050522
E026,T10,0.1,0.33,-0.035304
E026,T11,0.13,0.38,-0.001522
E026,T12,0.16,0.43,0.042978
E027,T01,0.91,1.0,0.445304
E027,T02,0.94,0.04,0.630586
E027,T03,0.97,0.09,0.645804
E027,T04,1.0,0.14,0.639586
E027,T05,0.02,0.19,0.210804
E027,T06,0.05,0.24,0.175304
E027,T07,0.08,0.29,0.139804
E027,T08,0.11,0.34,0.115022
E027,T09,0.14,0.39,0.108804
E027,T10,0.17,0.44,0.124022
E027,T11,0.2,0.49,0.157804
E027,T12,0.23,0.54,0.202304
E028,T01,0.98,0.1,0.55613
E028,T02,0.0,0.15,0.185912
E028,T03,0.03,0.2,0.20113
E028,T04,0.06,0.25,0.194912
E028,T05,0.09,0.3,0.17013
E028,T06,0.12,0.35,0.13463
E028,T07,0.15,0.4,0.09913
E028,T08,0.18,0.45,0.074348
E028,T09,0.21,0.5,0.06813
E028,T10,0.24,0.55,0.083348
E028,T11,0.27,0.6,0.11713
E028,T12,0.3,0.65,0.16163
E029,T01,0.04,0.21,0.111457
E029,T02,0.07,0.26,0.145239
E029,T03,0.1,0.31,0.160457
E029,T04,0.13,0.36,0.154239
E029,T05,0.16,0.41,0.129457
E029,T06,0.19,0.46,0.093957
E029,T07,0.22,0.51,0.058457
E029,T08,0.25,0.56,0.033674
E029,T09,0.28,0.61,0.027457
E029,T10,0.31,0.66,0.042674
E029,T11,0.34,0.71,0.076457
E029,T12,0.37,0.76,0.120957
E030,T01,0.11,0.32,0.070783
E030,T02,0.14,0.37,0.104565
E030,T03,0.17,0.42,0.119783
E030,T04,0.2,0.47,0.113565
E030,T05,0.23,0.52,0.088783
E030,T06,0.26,0.57,0.053283
E030,T07,0.29,0.62,0.017783
E030,T08,0.32,0.67,-0.006999
E030,T09,0.35,0.72,-0.013217
E030,T10,0.38,0.77,0.002001
E030,T11,0.41,0.82,0.035783
E030,T12,0.44,0.87,0.080283
E031,T01,0.18,0.43,0.230109
E031,T02,0.21,0.48,0.263891
E031,T03,0.24,0.53,0.279109
E031,T04,0.27,0.58,0.272891
E031,T05,0.3,0.63,0.248109
E031,T06,0.33,0.68,0.212609
E031,T07,0.36,0.73,0.177109
E031,T08,0.39,0.78,0.152327
E031,T09,0.42,0.83,0.146109
E031,T10,0.45,0.88,0.161327
E031,T11,0.48,0.93,0.195109
E031,T12,0.51,0.98,0.239609
E032,T01,0.25,0.54,0.189435
E032,T02,0.28,0.59,0.223217
E032,T03,0.31,0.64,0.238435
E032,T04,0.34,0.69,0.232217
E032,T05,0.37,0.74,0.207435
E032,T06,0.4,0.79,0.171935
E032,T07,0.43,0.84,0.136435
E032,T08,0.46,0.89,0.111653
E032,T09,0.49,0.94,0.105435
E032,T10,0.52,0.99,0.120653
E032,T11,0.55,0.03,0.305935
E032,T12,0.58,0.08,0.350435
E033,T01,0.32,0.65,0.148761
E033,T02,0.35,0.7,0.182543
E033,T03,0.38,0.75,0.197761
E033,T04,0.41,0.8,0.191543
E033,T05,0.44,0.85,0.166761
E033,T06,0.47,0.9,0.131261
E033,T07,0.5,0.95,0.095761
E033,T08,0.53,1.0,0.070979
E033,T09,0.56,0.04,0.216261
E033,T10,0.59,0.09,0.231479
E033,T11,0.62,0.14,0.265261
E033,T12,0.65,0.19,0.309761
E034,T01,0.39,0.76,0.108087
E034,T02,0.42,0.81,0.141869
E034,T03,0.45,0.86,0.157087
E034,T04,0.48,0.91,0.150869
E034,T05,0.51,0.96,0.126087
E034,T06,0.54,0.0,0.242087
E034,T07,0.57,0.05,0.206587
E034,T08,0.6,0.1,0.181805
E034,T09,0.63,0.15,0.175587
E034,T10,0.66,0.2,0.190805
E034,T11,0.69,0.25,0.224587
E034,T12,0.72,0.3,0.269087
E035,T01,0.46,0.87,0.267413
E035,T02,0.49,0.92,0.301195
E035,T03,0.52,0.97,0.316413
E035,T04,0.55,0.01,0.461695
E035,T05,0.58,0.06,0.436913
E035,T06,0.61,0.11,0.401413
E035,T07,0.64,0.16,0.365913
E035,T08,0.67,0.21,0.341131
E035,T09,0.7,0.26,0.334913
E035,T10,0.73,0.31,0.350131
E035,T11,0.76,0.36,0.383913
E035,T12,0.79,0.41,0.428413
E036,T01,0.53,0.98,0.226739
E036,T02,0.56,0.02,0.412021
E036,T03,0.59,0.07,0.427239
E036,T04,0.62,0.12,0.421021
E036,T05,0.65,0.17,0.396239
E036,T06,0.68,0.22,0.360739
E036,T07,0.71,0.27,0.325239
E036,T08,0.74,0.32,0.300457
E036,T09,0.77,0.37,0.294239
E036,T10,0.8,0.42,0.309457
E036,T11,0.83,0.47,0.343239
E036,T12,0.86,0.52,0.387739
E037,T01,0.6,0.08,0.337565
E037,T02,0.63,0.13,0.371347
E037,T03,0.66,0.18,0.386565
E037,T04,0.69,0.23,0.380347
E037,T05,0.72,0.28,0.355565
E037,T06,0.75,0.33,0.320065
E037,T07,0.78,0.38,0.284565
E037,T08,0.81,0.43,0.259783
E037,T09,0.84,0.48,0.253565
E037,T10,0.87,0.53,0.268783
E037,T11,0.9,0.58,0.302565
E037,T12,0.93,0.63,0.347065
E038,T01,0.67,0.19,0.296891
E038,T02,0.7,0.24,0.330673
E038,T03,0.73,0.29,0.345891
E038,T04,0.76,0.34,0.339673
E038,T05,0.79,0.39,0.314891
E038,T06,0.82,0.44,0.279391
E038,T07,0.85,0.49,0.243891
E038,T08,0.88,0.54,0.219109
E038,T09,0.91,0.59,0.212891
E038,T10,0.94,0.64,0.228109
E038,T11,0.97,0.69,0.261891
E038,T12,1.0,0.74,0.306391
E039,T01,0.74,0.3,0.456217
E039,T02,0.77,0.35,0.489999
E039,T03,0.8,0.4,0.505217
E039,T04,0.83,0.45,0.498999
E039,T05,0.86,0.5,0.474217
E039,T06,0.89,0.55,0.438717
E039,T07,0.92,0.6,0.403217
E039,T08,0.95,0.65,0.378435
E039,T09,0.98,0.7,0.372217
E039,T10,0.0,0.75,-0.016565
E039,T11,0.03,0.8,0.017217
E039,T12,0.06,0.85,0.061717
E040,T01,0.81,0.41,0.415543
E040,T02,0.84,0.46,0.449326
E040,T03,0.87,0.51,0.464543
E040,T04,0.9,0.56,0.458326
E040,T05,0.93,0.61,0.433543
E040,T06,0.96,0.66,0.398043
E040,T07,0.99,0.71,0.362543
E040,T08,0.01,0.76,-0.066239
E040,T09,0.04,0.81,-0.072457
E040,T10,0.07,0.86,-0.057239
E040,T11,0.1,0.91,-0.023457
E040,T12,0.13,0.96,0.021043
